OrderID,Customer,Product,Category,Quantity,Price,OrderDate
1001,Helen,Keyboard,Electronics,2,1606,2023-05-25
1002,Frank,Table,Furniture,5,855,2023-11-22
1003,Charlie,Cup,Kitchen,1,479,2023-07-07
1004,Charlie,Keyboard,Electronics,1,1427,2023-06-18
1005,David,Laptop,Electronics,3,132,2023-03-05
1006,Grace,Mouse,Electronics,1,1353,2023-01-15
1007,Alice,Cup,Kitchen,1,756,2023-08-13
1008,Helen,Notebook,Stationery,1,1450,2023-05-15
1009,Helen,Notebook,Stationery,4,880,2023-06-17
1010,Helen,Notebook,Stationery,3,564,2023-01-31
1011,Bob,Chair,Furniture,4,1365,2023-05-13
1012,David,Pen,Stationery,5,1509,2023-10-15
1013,David,Chair,Furniture,1,806,2023-07-23
1014,Charlie,Keyboard,Electronics,2,1932,2023-05-15
1015,Eva,Laptop,Electronics,2,1741,2023-12-01
1016,Helen,Chair,Furniture,3,587,2023-09-18
1017,David,Chair,Furniture,1,354,2023-10-21
1018,Charlie,Table,Furniture,1,1331,2023-04-12
1019,Frank,Pan,Kitchen,3,1847,2023-12-17
1020,Alice,Notebook,Stationery,1,1195,2023-11-09
1021,Alice,Laptop,Electronics,5,630,2023-03-21
1022,Frank,Mouse,Electronics,3,1839,2023-05-09
1023,Frank,Mouse,Electronics,2,871,2023-02-03
1024,Grace,Table,Furniture,4,68,2023-05-20
1025,Charlie,Pan,Kitchen,5,1214,2023-06-29
1026,Charlie,Pan,Kitchen,3,1631,2023-06-04
1027,Alice,Chair,Furniture,2,729,2023-01-01
1028,Grace,Notebook,Stationery,1,234,2023-12-08
1029,David,Pen,Stationery,5,1518,2023-08-25
1030,David,Pen,Stationery,5,16,2023-08-30
1031,Charlie,Table,Furniture,1,1970,2023-03-27
1032,Frank,Notebook,Stationery,3,1740,2023-11-01
1033,Helen,Cup,Kitchen,4,823,2023-06-27
1034,Eva,Pan,Kitchen,1,1504,2023-03-30
1035,Alice,Chair,Furniture,4,1066,2023-12-27
1036,Charlie,Laptop,Electronics,5,829,2023-12-21
1037,Frank,Pen,Stationery,1,760,2023-12-16
1038,Alice,Keyboard,Electronics,1,986,2023-01-25
1039,David,Laptop,Electronics,3,1200,2023-12-25
1040,Charlie,Mouse,Electronics,5,658,2023-09-11
1041,Helen,Laptop,Electronics,2,820,2023-08-31
1042,Bob,Notebook,Stationery,4,1014,2023-06-30
1043,Bob,Notebook,Stationery,5,1613,2023-11-19
1044,Charlie,Keyboard,Electronics,5,1003,2023-01-26
1045,Charlie,Chair,Furniture,2,1006,2023-11-11
1046,Frank,Chair,Furniture,2,1405,2023-10-21
1047,Alice,Laptop,Electronics,5,188,2023-01-12
1048,Charlie,Laptop,Electronics,1,1167,2023-03-20
1049,Grace,Chair,Furniture,2,719,2023-07-21
1050,Bob,Cup,Kitchen,1,253,2023-08-01
1051,Alice,Laptop,Electronics,2,503,2023-08-24
1052,Frank,Pan,Kitchen,4,978,2023-09-11
1053,Eva,Mouse,Electronics,2,1307,2023-05-02
1054,Grace,Pan,Kitchen,3,1981,2023-05-16
1055,Frank,Pan,Kitchen,5,120,2023-10-09
1056,Eva,Table,Furniture,5,710,2023-06-12
1057,Charlie,Pan,Kitchen,4,148,2023-12-30
1058,Frank,Table,Furniture,5,258,2023-04-15
1059,Charlie,Pen,Stationery,3,325,2023-11-21
1060,Helen,Laptop,Electronics,5,324,2023-02-12
1061,Helen,Pen,Stationery,3,893,2023-06-01
1062,Frank,Laptop,Electronics,4,268,2023-09-22
1063,Helen,Cup,Kitchen,3,830,2023-04-12
1064,Eva,Table,Furniture,1,1779,2023-02-24
1065,Grace,Mouse,Electronics,2,1081,2023-12-16
1066,Bob,Pan,Kitchen,3,712,2023-11-19
1067,Helen,Table,Furniture,2,602,2023-05-28
1068,Bob,Laptop,Electronics,2,32,2023-12-27
1069,Bob,Chair,Furniture,4,648,2023-06-15
1070,Frank,Cup,Kitchen,4,553,2023-09-17
1071,Alice,Laptop,Electronics,5,816,2023-03-02
1072,Alice,Laptop,Electronics,2,630,2023-01-12
1073,Eva,Pen,Stationery,4,778,2023-08-10
1074,Bob,Table,Furniture,2,849,2023-09-08
1075,Helen,Mouse,Electronics,3,18,2023-12-17
1076,Bob,Pan,Kitchen,3,235,2023-11-10
1077,David,Cup,Kitchen,4,1819,2023-04-24
1078,Alice,Mouse,Electronics,5,485,2023-01-13
1079,David,Pen,Stationery,5,1958,2023-09-01
1080,Helen,Laptop,Electronics,5,1868,2023-10-26
1081,Alice,Table,Furniture,4,1079,2023-09-07
1082,David,Mouse,Electronics,1,1513,2023-09-10
1083,Helen,Pan,Kitchen,2,1489,2023-04-01
1084,Grace,Table,Furniture,2,1383,2023-07-25
1085,Frank,Keyboard,Electronics,1,1731,2023-10-10
1086,Frank,Laptop,Electronics,2,623,2023-01-24
1087,Eva,Cup,Kitchen,5,867,2023-05-30
1088,Charlie,Mouse,Electronics,1,508,2023-11-14
1089,David,Chair,Furniture,3,950,2023-08-18
1090,Charlie,Table,Furniture,5,732,2023-08-08
1091,David,Pan,Kitchen,5,1074,2023-08-15
1092,Bob,Pan,Kitchen,1,725,2023-02-14
1093,David,Laptop,Electronics,1,1429,2023-05-25
1094,Frank,Table,Furniture,1,651,2023-05-20
1095,Helen,Pan,Kitchen,4,1339,2023-03-22
1096,Charlie,Mouse,Electronics,1,615,2023-07-22
1097,Helen,Mouse,Electronics,2,917,2023-10-15
1098,Eva,Laptop,Electronics,4,487,2023-11-09
1099,David,Cup,Kitchen,5,135,2023-11-03
1100,Helen,Laptop,Electronics,2,989,2023-04-13
1101,Frank,Laptop,Electronics,1,259,2023-11-23
1102,Charlie,Pan,Kitchen,5,1799,2023-10-19
1103,Charlie,Laptop,Electronics,3,1490,2023-05-06
1104,Bob,Pen,Stationery,2,1382,2023-03-03
1105,David,Pen,Stationery,3,214,2023-06-10
1106,David,Chair,Furniture,3,654,2023-01-28
1107,Alice,Mouse,Electronics,2,1872,2023-08-24
1108,Frank,Mouse,Electronics,3,1893,2023-09-12
1109,David,Laptop,Electronics,5,1436,2023-08-08
1110,Charlie,Chair,Furniture,2,788,2023-09-06
1111,Grace,Chair,Furniture,5,1227,2023-01-08
1112,David,Laptop,Electronics,3,1074,2023-09-06
1113,Grace,Cup,Kitchen,1,832,2023-06-13
1114,Eva,Notebook,Stationery,2,1989,2023-01-07
1115,Charlie,Mouse,Electronics,4,1287,2023-12-26
1116,Charlie,Notebook,Stationery,4,999,2023-04-23
1117,Charlie,Pen,Stationery,5,1583,2023-08-13
1118,Frank,Pan,Kitchen,2,1028,2023-12-23
1119,Bob,Cup,Kitchen,1,526,2023-01-16
1120,Charlie,Chair,Furniture,3,144,2023-02-24
1121,Charlie,Table,Furniture,2,1095,2023-12-11
1122,Frank,Keyboard,Electronics,4,91,2023-10-13
1123,Charlie,Table,Furniture,2,841,2023-02-22
1124,Grace,Laptop,Electronics,4,483,2023-02-19
1125,Eva,Notebook,Stationery,4,353,2023-02-28
1126,Bob,Laptop,Electronics,2,744,2023-03-19
1127,David,Pen,Stationery,2,278,2023-11-12
1128,Bob,Notebook,Stationery,2,232,2023-12-01
1129,Alice,Table,Furniture,3,1573,2023-07-07
1130,Charlie,Mouse,Electronics,4,216,2023-03-27
1131,Charlie,Pen,Stationery,3,1425,2023-09-22
1132,Bob,Pan,Kitchen,4,1626,2023-06-21
1133,Grace,Mouse,Electronics,5,847,2023-04-11
1134,Frank,Laptop,Electronics,5,694,2023-08-30
1135,Charlie,Mouse,Electronics,2,1040,2023-10-25
1136,Alice,Mouse,Electronics,4,390,2023-02-01
1137,Helen,Pan,Kitchen,2,468,2023-09-09
1138,Charlie,Pan,Kitchen,4,663,2023-06-16
1139,Frank,Mouse,Electronics,5,291,2023-10-15
1140,Grace,Cup,Kitchen,5,1040,2023-06-08
1141,Eva,Cup,Kitchen,3,1328,2023-05-16
1142,Eva,Cup,Kitchen,4,54,2023-05-04
1143,Eva,Keyboard,Electronics,1,664,2023-09-09
1144,Helen,Keyboard,Electronics,4,166,2023-04-21
1145,David,Keyboard,Electronics,3,1136,2023-08-13
1146,Bob,Pan,Kitchen,5,905,2023-07-22
1147,Bob,Pan,Kitchen,2,781,2023-07-01
1148,Grace,Notebook,Stationery,3,751,2023-07-19
1149,Frank,Keyboard,Electronics,4,317,2023-04-18
1150,Helen,Pan,Kitchen,1,1585,2023-08-07
1151,Bob,Chair,Furniture,1,116,2023-05-02
1152,Eva,Pen,Stationery,1,664,2023-11-22
1153,Bob,Notebook,Stationery,2,270,2023-08-14
1154,Grace,Cup,Kitchen,3,1817,2023-06-25
1155,Eva,Cup,Kitchen,2,1914,2023-01-21
1156,David,Keyboard,Electronics,4,184,2023-02-14
1157,Frank,Pan,Kitchen,2,1294,2023-10-07
1158,Helen,Pan,Kitchen,2,1221,2023-07-02
1159,Charlie,Keyboard,Electronics,2,275,2023-10-28
1160,Grace,Pen,Stationery,2,556,2023-08-07
1161,Alice,Table,Furniture,5,714,2023-08-20
1162,Bob,Laptop,Electronics,3,289,2023-02-02
1163,Grace,Pan,Kitchen,2,74,2023-03-25
1164,Charlie,Notebook,Stationery,4,1387,2023-07-11
1165,Charlie,Table,Furniture,2,379,2023-03-20
1166,Helen,Pen,Stationery,2,893,2023-05-29
1167,David,Pan,Kitchen,5,105,2023-07-15
1168,Charlie,Chair,Furniture,4,1368,2023-03-20
1169,Eva,Chair,Furniture,5,1794,2023-01-11
1170,Charlie,Keyboard,Electronics,4,1280,2023-10-24
1171,Eva,Notebook,Stationery,2,1129,2023-06-29
1172,Bob,Pen,Stationery,1,1105,2023-09-05
1173,David,Pan,Kitchen,4,1093,2023-04-08
1174,Charlie,Notebook,Stationery,1,1944,2023-04-03
1175,Charlie,Chair,Furniture,3,1349,2023-06-06
1176,Bob,Laptop,Electronics,3,1458,2023-01-04
1177,David,Cup,Kitchen,4,1000,2023-02-12
1178,David,Pen,Stationery,2,1083,2023-06-28
1179,Charlie,Laptop,Electronics,5,1969,2023-06-21
1180,Charlie,Mouse,Electronics,4,1923,2023-03-05
1181,Grace,Chair,Furniture,1,1799,2023-03-16
1182,David,Laptop,Electronics,2,509,2023-05-21
1183,Grace,Pan,Kitchen,5,1162,2023-12-12
1184,Eva,Cup,Kitchen,2,851,2023-12-21
1185,Eva,Keyboard,Electronics,5,995,2023-11-06
1186,Eva,Keyboard,Electronics,4,1624,2023-07-23
1187,Frank,Cup,Kitchen,1,241,2023-09-29
1188,Frank,Notebook,Stationery,4,1986,2023-09-27
1189,Eva,Cup,Kitchen,2,762,2023-03-06
1190,Charlie,Table,Furniture,3,1506,2023-09-07
1191,Helen,Notebook,Stationery,5,1426,2023-04-30
1192,Eva,Pen,Stationery,2,459,2023-09-03
1193,Charlie,Chair,Furniture,3,680,2023-12-31
1194,David,Pan,Kitchen,4,1603,2023-05-22
1195,Alice,Pen,Stationery,4,582,2023-10-07
1196,Grace,Table,Furniture,4,1825,2023-07-22
1197,Grace,Pan,Kitchen,2,782,2023-05-07
1198,Eva,Pen,Stationery,4,772,2023-09-03
1199,Charlie,Mouse,Electronics,5,1758,2023-04-09
1200,Alice,Pan,Kitchen,3,422,2023-01-02
1201,Bob,Pan,Kitchen,3,500,2023-10-18
1202,Eva,Pan,Kitchen,5,174,2023-07-06
1203,Frank,Notebook,Stationery,5,457,2023-11-03
1204,Grace,Table,Furniture,4,1372,2023-04-30
1205,Helen,Keyboard,Electronics,5,1469,2023-09-05
1206,Bob,Cup,Kitchen,5,1427,2023-10-31
1207,Alice,Table,Furniture,2,335,2023-10-01
1208,Alice,Chair,Furniture,3,368,2023-04-06
1209,Charlie,Pen,Stationery,5,1722,2023-02-28
1210,Grace,Cup,Kitchen,4,699,2023-06-07
1211,Helen,Table,Furniture,5,161,2023-05-07
1212,Eva,Laptop,Electronics,5,12,2023-08-05
1213,David,Table,Furniture,3,41,2023-07-04
1214,Alice,Keyboard,Electronics,3,1876,2023-03-27
1215,David,Pan,Kitchen,1,163,2023-09-10
1216,Alice,Pen,Stationery,5,353,2023-09-28
1217,Frank,Pan,Kitchen,1,1200,2023-04-29
1218,Frank,Table,Furniture,4,709,2023-04-18
1219,Alice,Keyboard,Electronics,3,670,2023-04-17
1220,Bob,Pan,Kitchen,4,281,2023-08-03
1221,Alice,Pan,Kitchen,4,1716,2023-09-17
1222,David,Notebook,Stationery,3,291,2023-11-13
1223,Bob,Cup,Kitchen,3,1445,2023-03-03
1224,Alice,Pan,Kitchen,4,382,2023-11-05
1225,Bob,Mouse,Electronics,3,1817,2023-11-04
1226,Eva,Table,Furniture,1,414,2023-08-22
1227,Frank,Laptop,Electronics,5,975,2023-02-18
1228,Helen,Mouse,Electronics,4,921,2023-10-15
1229,Bob,Pan,Kitchen,3,1835,2023-01-20
1230,Frank,Cup,Kitchen,5,704,2023-07-01
1231,Eva,Laptop,Electronics,3,1463,2023-09-19
1232,Alice,Pen,Stationery,1,922,2023-11-18
1233,Eva,Laptop,Electronics,5,1849,2023-10-28
1234,Eva,Table,Furniture,2,1707,2023-04-14
1235,Grace,Laptop,Electronics,5,1777,2023-04-21
1236,Helen,Pan,Kitchen,2,471,2023-10-08
1237,David,Laptop,Electronics,2,167,2023-12-22
1238,Eva,Keyboard,Electronics,3,374,2023-09-28
1239,Alice,Notebook,Stationery,3,798,2023-05-14
1240,Frank,Table,Furniture,2,1431,2023-05-31
1241,David,Pan,Kitchen,3,1789,2023-02-09
1242,Alice,Laptop,Electronics,3,1390,2023-08-04
1243,Frank,Mouse,Electronics,3,1947,2023-07-11
1244,Helen,Table,Furniture,1,1677,2023-12-01
1245,Charlie,Keyboard,Electronics,1,1512,2023-04-03
1246,Grace,Cup,Kitchen,5,935,2023-04-24
1247,Helen,Cup,Kitchen,3,961,2023-06-19
1248,Eva,Laptop,Electronics,2,790,2023-02-02
1249,Eva,Keyboard,Electronics,3,1460,2023-06-16
1250,Eva,Mouse,Electronics,2,305,2023-12-09
1251,Charlie,Mouse,Electronics,2,945,2023-03-18
1252,Alice,Table,Furniture,3,988,2023-02-15
1253,Helen,Laptop,Electronics,3,415,2023-04-18
1254,Eva,Mouse,Electronics,1,354,2023-12-13
1255,Eva,Mouse,Electronics,2,1571,2023-08-14
1256,Bob,Pen,Stationery,5,1025,2023-07-25
1257,Frank,Chair,Furniture,5,1318,2023-07-26
1258,David,Pen,Stationery,2,737,2023-10-18
1259,David,Keyboard,Electronics,5,1856,2023-12-26
1260,Bob,Notebook,Stationery,1,555,2023-11-12
1261,Charlie,Notebook,Stationery,1,967,2023-03-09
1262,Eva,Chair,Furniture,1,1854,2023-01-25
1263,David,Pan,Kitchen,1,996,2023-06-06
1264,Helen,Laptop,Electronics,4,1409,2023-02-27
1265,Eva,Mouse,Electronics,1,1082,2023-11-14
1266,Grace,Keyboard,Electronics,5,1272,2023-05-17
1267,Helen,Table,Furniture,5,1639,2023-01-10
1268,Charlie,Keyboard,Electronics,4,954,2023-03-09
1269,David,Chair,Furniture,2,1960,2023-10-24
1270,Charlie,Table,Furniture,5,1015,2023-11-03
1271,Eva,Laptop,Electronics,1,793,2023-10-25
1272,Charlie,Pan,Kitchen,2,1967,2023-10-24
1273,Grace,Pen,Stationery,2,299,2023-01-31
1274,Eva,Laptop,Electronics,2,675,2023-04-30
1275,Alice,Keyboard,Electronics,5,939,2023-05-31
1276,Alice,Chair,Furniture,5,1376,2023-06-24
1277,Eva,Table,Furniture,3,1111,2023-08-18
1278,Alice,Cup,Kitchen,3,1266,2023-04-01
1279,Alice,Table,Furniture,1,1160,2023-03-11
1280,Grace,Chair,Furniture,2,471,2023-03-24
1281,Frank,Pan,Kitchen,1,1442,2023-09-30
1282,Alice,Cup,Kitchen,2,1631,2023-07-01
1283,Grace,Pan,Kitchen,1,537,2023-12-04
1284,David,Laptop,Electronics,1,979,2023-11-16
1285,Charlie,Laptop,Electronics,4,1503,2023-10-09
1286,Bob,Mouse,Electronics,2,1425,2023-03-23
1287,Frank,Cup,Kitchen,2,1616,2023-02-02
1288,David,Notebook,Stationery,5,671,2023-07-02
1289,Frank,Chair,Furniture,3,253,2023-11-27
1290,Frank,Cup,Kitchen,1,708,2023-05-27
1291,Charlie,Pan,Kitchen,4,570,2023-06-23
1292,David,Cup,Kitchen,2,1962,2023-07-22
1293,Helen,Keyboard,Electronics,3,435,2023-07-01
1294,David,Keyboard,Electronics,3,574,2023-11-13
1295,Eva,Chair,Furniture,3,1712,2023-12-25
1296,Bob,Mouse,Electronics,5,1482,2023-02-25
1297,Charlie,Chair,Furniture,4,1013,2023-04-05
1298,Eva,Table,Furniture,4,458,2023-02-03
1299,Eva,Pan,Kitchen,5,438,2023-07-12
1300,David,Cup,Kitchen,3,70,2023-09-12
1301,Frank,Mouse,Electronics,5,904,2023-07-21
1302,Alice,Keyboard,Electronics,1,397,2023-09-27
1303,Bob,Table,Furniture,2,819,2023-05-31
1304,Charlie,Pen,Stationery,2,230,2023-03-04
1305,Bob,Pen,Stationery,1,356,2023-01-30
1306,Bob,Chair,Furniture,1,116,2023-12-28
1307,Charlie,Cup,Kitchen,1,1145,2023-02-09
1308,Helen,Pen,Stationery,4,1897,2023-01-11
1309,David,Table,Furniture,5,1223,2023-09-20
1310,Frank,Pen,Stationery,4,371,2023-03-19
1311,Grace,Cup,Kitchen,5,1446,2023-07-12
1312,Grace,Cup,Kitchen,5,151,2023-07-28
1313,Bob,Cup,Kitchen,1,1497,2023-08-14
1314,Eva,Cup,Kitchen,5,31,2023-05-31
1315,Grace,Laptop,Electronics,4,28,2023-07-20
1316,Helen,Pen,Stationery,4,1335,2023-12-27
1317,Frank,Laptop,Electronics,3,1345,2023-12-09
1318,Bob,Keyboard,Electronics,4,551,2023-08-16
1319,Frank,Keyboard,Electronics,2,884,2023-05-06
1320,Frank,Table,Furniture,2,451,2023-06-25
1321,Bob,Keyboard,Electronics,5,1540,2023-01-30
1322,Alice,Laptop,Electronics,2,920,2023-04-02
1323,Bob,Mouse,Electronics,1,838,2023-09-19
1324,Frank,Pan,Kitchen,1,1463,2023-07-02
1325,Alice,Laptop,Electronics,3,1821,2023-02-23
1326,Bob,Cup,Kitchen,1,1822,2023-06-23
1327,Bob,Chair,Furniture,1,386,2023-01-26
1328,Alice,Table,Furniture,4,1145,2023-10-30
1329,Bob,Cup,Kitchen,4,881,2023-03-11
1330,Charlie,Mouse,Electronics,5,110,2023-01-10
1331,Eva,Laptop,Electronics,5,1465,2023-11-03
1332,David,Table,Furniture,1,1924,2023-10-11
1333,Grace,Cup,Kitchen,4,1822,2023-03-30
1334,Charlie,Pan,Kitchen,3,418,2023-01-07
1335,Frank,Pan,Kitchen,4,1424,2023-07-15
1336,Eva,Pan,Kitchen,2,36,2023-02-04
1337,Alice,Notebook,Stationery,4,1292,2023-08-07
1338,Bob,Notebook,Stationery,2,437,2023-03-26
1339,Bob,Laptop,Electronics,5,1362,2023-10-20
1340,Bob,Pen,Stationery,4,411,2023-04-09
1341,Frank,Laptop,Electronics,2,1883,2023-03-12
1342,Eva,Pan,Kitchen,2,829,2023-01-17
1343,Alice,Table,Furniture,4,1198,2023-08-09
1344,David,Cup,Kitchen,4,614,2023-12-19
1345,Alice,Laptop,Electronics,1,464,2023-01-07
1346,David,Mouse,Electronics,3,351,2023-03-15
1347,Eva,Pan,Kitchen,4,1478,2023-09-16
1348,Eva,Laptop,Electronics,4,1215,2023-07-26
1349,David,Pen,Stationery,2,250,2023-03-15
1350,Alice,Cup,Kitchen,3,1177,2023-09-15
1351,Helen,Chair,Furniture,5,1710,2023-04-24
1352,Helen,Cup,Kitchen,4,1943,2023-04-20
1353,Frank,Cup,Kitchen,3,1961,2023-11-17
1354,Alice,Keyboard,Electronics,2,691,2023-08-16
1355,Grace,Laptop,Electronics,2,1700,2023-05-19
1356,Eva,Keyboard,Electronics,5,1668,2023-01-30
1357,Grace,Pan,Kitchen,2,567,2023-11-03
1358,Charlie,Cup,Kitchen,3,1411,2023-11-30
1359,Alice,Keyboard,Electronics,3,1796,2023-08-07
1360,Eva,Mouse,Electronics,5,837,2023-06-14
1361,Grace,Notebook,Stationery,5,1971,2023-02-01
1362,Bob,Cup,Kitchen,4,224,2023-09-23
1363,Alice,Notebook,Stationery,1,1267,2023-12-17
1364,Helen,Laptop,Electronics,3,544,2023-06-12
1365,Frank,Keyboard,Electronics,3,1653,2023-12-14
1366,Helen,Laptop,Electronics,5,696,2023-10-22
1367,Bob,Pan,Kitchen,1,597,2023-04-05
1368,David,Mouse,Electronics,4,695,2023-04-07
1369,Frank,Mouse,Electronics,3,1462,2023-04-24
1370,Bob,Table,Furniture,1,535,2023-02-19
1371,Bob,Laptop,Electronics,5,414,2023-10-15
1372,Helen,Mouse,Electronics,3,780,2023-05-24
1373,Charlie,Keyboard,Electronics,4,217,2023-03-03
1374,Alice,Pan,Kitchen,3,1979,2023-07-14
1375,Charlie,Table,Furniture,3,951,2023-07-17
1376,Eva,Cup,Kitchen,2,283,2023-08-25
1377,Frank,Cup,Kitchen,5,1962,2023-03-02
1378,Frank,Pan,Kitchen,1,1479,2023-11-18
1379,Charlie,Pan,Kitchen,1,1168,2023-05-16
1380,Grace,Pen,Stationery,2,927,2023-04-25
1381,Bob,Mouse,Electronics,5,479,2023-04-20
1382,Frank,Laptop,Electronics,3,367,2023-03-27
1383,Alice,Table,Furniture,3,1422,2023-05-01
1384,Helen,Table,Furniture,5,734,2023-10-18
1385,Helen,Table,Furniture,2,960,2023-11-23
1386,Charlie,Chair,Furniture,2,1633,2023-12-12
1387,David,Chair,Furniture,3,1433,2023-04-22
1388,Frank,Notebook,Stationery,3,1444,2023-05-06
1389,David,Chair,Furniture,2,1045,2023-10-21
1390,Helen,Laptop,Electronics,2,1515,2023-04-13
1391,Frank,Notebook,Stationery,2,1290,2023-12-08
1392,Alice,Table,Furniture,3,1220,2023-04-03
1393,David,Pen,Stationery,4,1095,2023-08-08
1394,Bob,Mouse,Electronics,5,1384,2023-01-03
1395,Frank,Keyboard,Electronics,4,1862,2023-09-12
1396,Eva,Pan,Kitchen,2,386,2023-10-10
1397,Eva,Table,Furniture,3,595,2023-10-22
1398,David,Cup,Kitchen,5,743,2023-11-17
1399,Eva,Chair,Furniture,5,1818,2023-01-20
1400,Grace,Table,Furniture,2,735,2023-03-12
1401,Alice,Pen,Stationery,2,1087,2023-05-16
1402,Eva,Keyboard,Electronics,3,291,2023-01-20
1403,Eva,Pan,Kitchen,2,1635,2023-04-07
1404,Bob,Cup,Kitchen,3,833,2023-05-19
1405,Bob,Chair,Furniture,5,1561,2023-10-23
1406,Grace,Mouse,Electronics,5,1450,2023-02-28
1407,Bob,Pen,Stationery,1,1785,2023-10-12
1408,Alice,Pan,Kitchen,2,924,2023-03-12
1409,Alice,Cup,Kitchen,5,611,2023-02-21
1410,Eva,Pan,Kitchen,5,142,2023-12-13
1411,Alice,Cup,Kitchen,2,1701,2023-11-14
1412,Grace,Notebook,Stationery,2,982,2023-03-21
1413,David,Keyboard,Electronics,4,787,2023-02-01
1414,Bob,Laptop,Electronics,4,1001,2023-04-10
1415,Frank,Pan,Kitchen,1,252,2023-03-06
1416,David,Cup,Kitchen,1,78,2023-10-26
1417,Bob,Table,Furniture,3,199,2023-05-14
1418,Charlie,Table,Furniture,3,1435,2023-07-16
1419,Alice,Chair,Furniture,4,473,2023-06-06
1420,Grace,Pan,Kitchen,1,1093,2023-07-05
1421,Charlie,Chair,Furniture,2,1540,2023-10-15
1422,Frank,Laptop,Electronics,5,1529,2023-03-20
1423,Eva,Table,Furniture,1,1561,2023-05-31
1424,Eva,Keyboard,Electronics,5,653,2023-01-13
1425,Alice,Chair,Furniture,5,1271,2023-12-13
1426,David,Notebook,Stationery,4,670,2023-09-03
1427,Alice,Cup,Kitchen,4,833,2023-01-13
1428,Alice,Cup,Kitchen,3,1767,2023-03-07
1429,Alice,Table,Furniture,3,624,2023-06-11
1430,Bob,Notebook,Stationery,1,854,2023-08-29
1431,Frank,Pen,Stationery,4,179,2023-02-24
1432,Bob,Pan,Kitchen,5,1792,2023-08-19
1433,David,Notebook,Stationery,5,1000,2023-07-14
1434,Charlie,Notebook,Stationery,1,1457,2023-05-29
1435,Alice,Chair,Furniture,1,26,2023-04-09
1436,Frank,Cup,Kitchen,5,1627,2023-11-16
1437,Frank,Table,Furniture,2,1257,2023-03-25
1438,Helen,Pan,Kitchen,1,1922,2023-09-14
1439,Bob,Chair,Furniture,4,291,2023-08-30
1440,Charlie,Cup,Kitchen,5,1664,2023-07-18
1441,Eva,Chair,Furniture,3,747,2023-08-03
1442,Frank,Table,Furniture,3,314,2023-10-06
1443,Eva,Cup,Kitchen,3,134,2023-03-23
1444,Charlie,Keyboard,Electronics,1,1227,2023-09-06
1445,Eva,Laptop,Electronics,3,515,2023-06-03
1446,Grace,Notebook,Stationery,5,454,2023-04-23
1447,Grace,Cup,Kitchen,2,788,2023-09-01
1448,Frank,Table,Furniture,1,1733,2023-06-05
1449,Grace,Pen,Stationery,3,727,2023-02-12
1450,Frank,Keyboard,Electronics,2,1415,2023-03-26
1451,Helen,Chair,Furniture,3,626,2023-08-19
1452,Bob,Keyboard,Electronics,4,1755,2023-04-24
1453,Frank,Mouse,Electronics,5,732,2023-09-15
1454,Alice,Chair,Furniture,1,1355,2023-11-01
1455,Alice,Table,Furniture,1,1108,2023-07-05
1456,Frank,Notebook,Stationery,1,1738,2023-08-02
1457,Charlie,Chair,Furniture,1,490,2023-11-01
1458,Eva,Keyboard,Electronics,1,919,2023-12-10
1459,Helen,Cup,Kitchen,4,1154,2023-01-22
1460,Helen,Notebook,Stationery,1,111,2023-03-08
1461,Helen,Pen,Stationery,5,1440,2023-07-31
1462,Alice,Pen,Stationery,2,293,2023-12-23
1463,David,Laptop,Electronics,3,1042,2023-08-20
1464,Frank,Mouse,Electronics,1,1162,2023-07-08
1465,Bob,Laptop,Electronics,1,1165,2023-07-06
1466,Grace,Chair,Furniture,4,131,2023-09-19
1467,Eva,Chair,Furniture,1,603,2023-05-28
1468,Helen,Pen,Stationery,3,1151,2023-06-18
1469,Grace,Table,Furniture,3,1896,2023-05-03
1470,Alice,Pen,Stationery,1,490,2023-12-02
1471,David,Pen,Stationery,5,1342,2023-05-03
1472,Grace,Mouse,Electronics,5,1110,2023-04-26
1473,Grace,Laptop,Electronics,1,1973,2023-11-13
1474,Grace,Cup,Kitchen,2,876,2023-08-12
1475,Grace,Notebook,Stationery,2,903,2023-02-22
1476,David,Pen,Stationery,5,1031,2023-04-18
1477,Frank,Keyboard,Electronics,5,325,2023-02-16
1478,David,Mouse,Electronics,4,1387,2023-07-24
1479,Helen,Keyboard,Electronics,1,511,2023-05-22
1480,Charlie,Cup,Kitchen,3,954,2023-06-30
1481,Bob,Chair,Furniture,2,952,2023-11-29
1482,Alice,Table,Furniture,3,246,2023-12-09
1483,Grace,Laptop,Electronics,2,680,2023-09-01
1484,Charlie,Mouse,Electronics,3,343,2023-01-02
1485,Eva,Pen,Stationery,4,1076,2023-09-17
1486,Frank,Keyboard,Electronics,1,196,2023-01-08
1487,Frank,Notebook,Stationery,4,1994,2023-03-14
1488,Grace,Laptop,Electronics,1,279,2023-04-01
1489,Frank,Notebook,Stationery,2,1045,2023-05-11
1490,Charlie,Laptop,Electronics,5,1184,2023-11-04
1491,Frank,Mouse,Electronics,3,1168,2023-08-04
1492,Helen,Pen,Stationery,1,293,2023-08-03
1493,Bob,Mouse,Electronics,3,523,2023-04-07
1494,Helen,Keyboard,Electronics,5,296,2023-12-17
1495,Frank,Notebook,Stationery,4,1401,2023-08-14
1496,Grace,Cup,Kitchen,3,523,2023-09-01
1497,Alice,Mouse,Electronics,1,263,2023-07-12
1498,Charlie,Cup,Kitchen,4,1844,2023-02-03
1499,Charlie,Laptop,Electronics,2,272,2023-07-22
1500,Alice,Pan,Kitchen,3,1347,2023-08-09
1501,Frank,Laptop,Electronics,5,336,2023-03-22
1502,Charlie,Chair,Furniture,2,859,2023-03-06
1503,David,Table,Furniture,5,1686,2023-10-24
1504,Helen,Mouse,Electronics,3,1411,2023-12-30
1505,Charlie,Chair,Furniture,5,451,2023-05-20
1506,Charlie,Laptop,Electronics,2,144,2023-05-19
1507,Helen,Chair,Furniture,4,1956,2023-02-08
1508,Frank,Pan,Kitchen,3,688,2023-09-03
1509,Eva,Table,Furniture,3,1081,2023-11-25
1510,Grace,Chair,Furniture,4,616,2023-11-11
1511,Frank,Pan,Kitchen,5,1317,2023-08-18
1512,David,Cup,Kitchen,2,807,2023-11-13
1513,Grace,Mouse,Electronics,1,1286,2023-02-14
1514,David,Notebook,Stationery,5,1412,2023-07-20
1515,Helen,Notebook,Stationery,4,634,2023-10-26
1516,Helen,Pen,Stationery,3,800,2023-08-27
1517,Helen,Mouse,Electronics,5,21,2023-02-28
1518,David,Pen,Stationery,1,1943,2023-06-01
1519,Bob,Table,Furniture,3,1652,2023-07-26
1520,David,Notebook,Stationery,2,944,2023-02-09
1521,Charlie,Laptop,Electronics,4,800,2023-11-22
1522,Eva,Mouse,Electronics,5,1673,2023-06-15
1523,Frank,Laptop,Electronics,3,511,2023-04-10
1524,Charlie,Pan,Kitchen,4,1834,2023-09-30
1525,Alice,Pan,Kitchen,5,1475,2023-06-06
1526,Frank,Pen,Stationery,1,161,2023-07-16
1527,Eva,Notebook,Stationery,3,771,2023-09-04
1528,Frank,Chair,Furniture,4,279,2023-07-04
1529,Eva,Mouse,Electronics,4,669,2023-01-19
1530,Bob,Table,Furniture,2,960,2023-08-22
1531,David,Table,Furniture,5,58,2023-12-16
1532,Frank,Cup,Kitchen,2,1527,2023-06-13
1533,Charlie,Pan,Kitchen,4,458,2023-03-12
1534,Grace,Keyboard,Electronics,5,1190,2023-10-23
1535,Grace,Laptop,Electronics,5,920,2023-11-05
1536,Frank,Mouse,Electronics,1,325,2023-06-14
1537,Grace,Mouse,Electronics,2,1417,2023-07-02
1538,Helen,Table,Furniture,4,527,2023-09-11
1539,Eva,Laptop,Electronics,3,40,2023-03-29
1540,Bob,Keyboard,Electronics,1,908,2023-07-05
1541,Frank,Pen,Stationery,1,343,2023-06-21
1542,Grace,Cup,Kitchen,4,1802,2023-04-16
1543,Alice,Mouse,Electronics,2,924,2023-11-17
1544,Frank,Mouse,Electronics,2,646,2023-09-01
1545,Eva,Table,Furniture,4,427,2023-01-15
1546,Charlie,Table,Furniture,3,896,2023-09-27
1547,Bob,Pan,Kitchen,4,1793,2023-08-31
1548,Bob,Laptop,Electronics,5,1110,2023-10-02
1549,Alice,Pan,Kitchen,3,1221,2023-12-22
1550,Charlie,Table,Furniture,2,1092,2023-02-12
1551,Alice,Keyboard,Electronics,4,993,2023-07-15
1552,Bob,Notebook,Stationery,3,1975,2023-05-23
1553,Helen,Notebook,Stationery,1,1205,2023-05-16
1554,Grace,Pen,Stationery,5,385,2023-04-16
1555,Alice,Pan,Kitchen,2,441,2023-05-30
1556,Helen,Mouse,Electronics,2,1529,2023-12-16
1557,Alice,Laptop,Electronics,1,844,2023-11-20
1558,David,Pen,Stationery,5,1838,2023-09-26
1559,Grace,Chair,Furniture,4,575,2023-05-19
1560,Charlie,Cup,Kitchen,5,1297,2023-02-17
1561,David,Notebook,Stationery,2,649,2023-04-05
1562,Grace,Mouse,Electronics,3,1055,2023-10-17
1563,Eva,Pan,Kitchen,5,496,2023-09-27
1564,Alice,Keyboard,Electronics,4,221,2023-04-22
1565,Grace,Keyboard,Electronics,1,262,2023-07-20
1566,Grace,Mouse,Electronics,2,357,2023-02-06
1567,Frank,Pen,Stationery,4,1356,2023-05-31
1568,Bob,Laptop,Electronics,1,1053,2023-07-05
1569,Alice,Laptop,Electronics,3,519,2023-12-14
1570,Alice,Chair,Furniture,5,1043,2023-03-25
1571,Alice,Pen,Stationery,1,463,2023-10-27
1572,Alice,Cup,Kitchen,3,1639,2023-09-29
1573,Alice,Chair,Furniture,3,1752,2023-07-22
1574,Helen,Table,Furniture,3,1761,2023-01-21
1575,Grace,Pan,Kitchen,5,697,2023-09-16
1576,David,Pan,Kitchen,3,122,2023-02-14
1577,Bob,Mouse,Electronics,1,646,2023-07-15
1578,Frank,Mouse,Electronics,3,508,2023-07-08
1579,David,Laptop,Electronics,3,1975,2023-02-06
1580,Alice,Chair,Furniture,1,1051,2023-09-13
1581,Bob,Table,Furniture,2,1104,2023-07-22
1582,David,Laptop,Electronics,3,1214,2023-07-24
1583,Charlie,Keyboard,Electronics,4,1546,2023-11-19
1584,Charlie,Laptop,Electronics,1,40,2023-08-27
1585,Bob,Notebook,Stationery,2,672,2023-05-29
1586,Eva,Laptop,Electronics,1,300,2023-04-27
1587,Alice,Pan,Kitchen,4,965,2023-01-05
1588,Eva,Mouse,Electronics,3,1080,2023-07-18
1589,Alice,Cup,Kitchen,4,1886,2023-10-08
1590,David,Cup,Kitchen,4,570,2023-11-22
1591,Helen,Laptop,Electronics,3,780,2023-07-11
1592,Charlie,Pen,Stationery,2,1149,2023-03-23
1593,Charlie,Keyboard,Electronics,2,1550,2023-08-20
1594,Grace,Notebook,Stationery,2,1598,2023-12-26
1595,Helen,Pan,Kitchen,3,997,2023-08-16
1596,Eva,Pen,Stationery,3,211,2023-12-04
1597,Bob,Laptop,Electronics,2,24,2023-10-17
1598,Alice,Notebook,Stationery,4,1971,2023-11-07
1599,David,Chair,Furniture,1,1319,2023-10-24
1600,Frank,Keyboard,Electronics,5,1047,2023-07-01
1601,David,Pan,Kitchen,2,1376,2023-08-19
1602,Grace,Keyboard,Electronics,3,376,2023-04-25
1603,Alice,Chair,Furniture,3,1444,2023-06-01
1604,Charlie,Pen,Stationery,5,126,2023-08-06
1605,David,Pan,Kitchen,4,1956,2023-05-21
1606,Helen,Keyboard,Electronics,1,1925,2023-11-18
1607,Helen,Pan,Kitchen,4,1015,2023-11-11
1608,David,Table,Furniture,4,790,2023-11-10
1609,Frank,Cup,Kitchen,4,662,2023-02-22
1610,Frank,Chair,Furniture,1,1097,2023-02-26
1611,David,Table,Furniture,5,787,2023-02-20
1612,Eva,Table,Furniture,5,960,2023-04-25
1613,Charlie,Pen,Stationery,2,1011,2023-03-06
1614,Frank,Chair,Furniture,3,872,2023-01-25
1615,David,Pen,Stationery,2,1237,2023-06-02
1616,Frank,Notebook,Stationery,4,286,2023-04-05
1617,Eva,Cup,Kitchen,2,1228,2023-07-03
1618,Frank,Table,Furniture,2,283,2023-03-02
1619,Eva,Table,Furniture,1,1618,2023-08-24
1620,Bob,Mouse,Electronics,2,1400,2023-12-28
1621,Frank,Pan,Kitchen,2,1115,2023-01-23
1622,Bob,Keyboard,Electronics,1,655,2023-11-20
1623,Eva,Keyboard,Electronics,4,415,2023-04-08
1624,Eva,Mouse,Electronics,2,693,2023-11-02
1625,Charlie,Mouse,Electronics,4,1634,2023-07-03
1626,Helen,Pan,Kitchen,1,195,2023-04-15
1627,Bob,Chair,Furniture,3,413,2023-03-02
1628,Alice,Pen,Stationery,5,1528,2023-01-19
1629,Alice,Mouse,Electronics,3,584,2023-06-17
1630,Bob,Cup,Kitchen,3,1301,2023-06-04
1631,Frank,Table,Furniture,1,653,2023-02-19
1632,Charlie,Cup,Kitchen,4,1838,2023-02-19
1633,Helen,Laptop,Electronics,3,27,2023-12-29
1634,Charlie,Pen,Stationery,5,1862,2023-08-02
1635,Eva,Laptop,Electronics,4,1432,2023-09-20
1636,Eva,Mouse,Electronics,1,675,2023-10-14
1637,Frank,Pen,Stationery,1,1987,2023-11-19
1638,Eva,Cup,Kitchen,1,957,2023-04-20
1639,Eva,Laptop,Electronics,3,1060,2023-12-17
1640,Eva,Keyboard,Electronics,4,428,2023-05-11
1641,Bob,Notebook,Stationery,4,526,2023-02-24
1642,Grace,Pen,Stationery,4,545,2023-08-09
1643,Helen,Keyboard,Electronics,4,1582,2023-05-16
1644,David,Laptop,Electronics,5,1764,2023-06-21
1645,Bob,Chair,Furniture,5,1302,2023-12-13
1646,Alice,Cup,Kitchen,3,104,2023-04-23
1647,Frank,Pan,Kitchen,2,1724,2023-07-10
1648,Bob,Table,Furniture,5,1143,2023-02-03
1649,Helen,Notebook,Stationery,3,1441,2023-03-26
1650,Alice,Cup,Kitchen,1,1944,2023-10-20
1651,Bob,Laptop,Electronics,4,538,2023-11-17
1652,Frank,Pen,Stationery,1,138,2023-11-04
1653,David,Laptop,Electronics,1,920,2023-09-08
1654,Grace,Mouse,Electronics,5,69,2023-04-23
1655,Charlie,Chair,Furniture,1,1927,2023-01-30
1656,Frank,Cup,Kitchen,5,52,2023-11-23
1657,Eva,Pan,Kitchen,2,621,2023-05-31
1658,Helen,Table,Furniture,4,1953,2023-09-12
1659,Charlie,Notebook,Stationery,3,325,2023-12-24
1660,David,Chair,Furniture,3,1926,2023-06-05
1661,Helen,Pan,Kitchen,1,1937,2023-09-03
1662,Grace,Notebook,Stationery,3,1777,2023-06-09
1663,Charlie,Mouse,Electronics,2,997,2023-05-16
1664,Charlie,Keyboard,Electronics,2,671,2023-07-20
1665,Bob,Keyboard,Electronics,5,1640,2023-03-10
1666,Helen,Mouse,Electronics,5,1228,2023-06-07
1667,David,Pen,Stationery,2,264,2023-11-10
1668,Frank,Table,Furniture,3,1956,2023-05-22
1669,Eva,Mouse,Electronics,5,1064,2023-04-18
1670,Grace,Pen,Stationery,5,459,2023-06-03
1671,Frank,Keyboard,Electronics,1,353,2023-09-23
1672,Charlie,Cup,Kitchen,4,1762,2023-02-07
1673,Grace,Keyboard,Electronics,3,1210,2023-06-06
1674,Grace,Laptop,Electronics,2,577,2023-10-13
1675,Alice,Pan,Kitchen,4,1715,2023-07-13
1676,Alice,Pan,Kitchen,1,1387,2023-09-20
1677,Charlie,Cup,Kitchen,1,1996,2023-04-20
1678,Bob,Pan,Kitchen,4,942,2023-07-03
1679,Grace,Laptop,Electronics,2,997,2023-09-02
1680,Eva,Pen,Stationery,5,512,2023-08-26
1681,Eva,Notebook,Stationery,1,992,2023-10-28
1682,David,Mouse,Electronics,2,17,2023-10-23
1683,Grace,Mouse,Electronics,4,721,2023-08-03
1684,Grace,Keyboard,Electronics,4,1262,2023-09-15
1685,Alice,Pan,Kitchen,2,1265,2023-08-13
1686,David,Keyboard,Electronics,1,748,2023-11-13
1687,Bob,Notebook,Stationery,3,63,2023-12-25
1688,Frank,Chair,Furniture,2,1988,2023-04-18
1689,Bob,Pan,Kitchen,5,125,2023-04-19
1690,Eva,Keyboard,Electronics,1,253,2023-05-19
1691,Frank,Mouse,Electronics,4,686,2023-03-07
1692,Helen,Notebook,Stationery,4,559,2023-03-26
1693,Bob,Table,Furniture,2,1346,2023-08-26
1694,Charlie,Notebook,Stationery,3,1498,2023-01-05
1695,Eva,Laptop,Electronics,2,1251,2023-12-18
1696,Helen,Pan,Kitchen,1,926,2023-09-21
1697,David,Cup,Kitchen,1,582,2023-04-09
1698,Helen,Keyboard,Electronics,1,460,2023-05-22
1699,David,Pan,Kitchen,3,1368,2023-04-01
1700,Frank,Notebook,Stationery,2,1245,2023-12-10
1701,Helen,Table,Furniture,3,637,2023-09-26
1702,Alice,Mouse,Electronics,5,1883,2023-06-03
1703,Grace,Pan,Kitchen,3,1045,2023-03-03
1704,David,Keyboard,Electronics,3,779,2023-07-13
1705,Bob,Mouse,Electronics,2,811,2023-04-16
1706,Helen,Notebook,Stationery,5,429,2023-01-16
1707,Grace,Keyboard,Electronics,2,1528,2023-02-28
1708,Alice,Laptop,Electronics,1,1963,2023-08-13
1709,Eva,Table,Furniture,4,47,2023-05-03
1710,Grace,Pan,Kitchen,2,1029,2023-08-19
1711,Frank,Pen,Stationery,4,472,2023-05-28
1712,Helen,Pan,Kitchen,2,1163,2023-01-26
1713,Grace,Mouse,Electronics,1,1977,2023-09-18
1714,Helen,Pan,Kitchen,3,142,2023-02-09
1715,Grace,Laptop,Electronics,2,790,2023-10-10
1716,Alice,Mouse,Electronics,3,57,2023-05-16
1717,Bob,Chair,Furniture,2,581,2023-01-02
1718,Bob,Pan,Kitchen,2,478,2023-10-24
1719,Eva,Chair,Furniture,3,1306,2023-03-20
1720,Helen,Cup,Kitchen,3,756,2023-11-24
1721,Bob,Table,Furniture,1,1815,2023-01-29
1722,Eva,Table,Furniture,3,624,2023-01-11
1723,Helen,Chair,Furniture,5,366,2023-11-27
1724,Grace,Laptop,Electronics,5,1384,2023-06-24
1725,Charlie,Notebook,Stationery,4,1437,2023-04-02
1726,Grace,Pen,Stationery,3,1393,2023-06-07
1727,Frank,Pen,Stationery,3,1313,2023-07-02
1728,Helen,Notebook,Stationery,3,1937,2023-08-15
1729,David,Laptop,Electronics,4,1059,2023-06-02
1730,Bob,Mouse,Electronics,1,1497,2023-03-07
1731,Eva,Table,Furniture,4,1919,2023-10-19
1732,Eva,Notebook,Stationery,3,687,2023-03-02
1733,Frank,Laptop,Electronics,3,956,2023-04-07
1734,Charlie,Notebook,Stationery,1,212,2023-05-19
1735,Helen,Table,Furniture,4,1246,2023-09-08
1736,Frank,Pan,Kitchen,5,1617,2023-11-08
1737,Alice,Table,Furniture,5,1924,2023-06-27
1738,Bob,Pan,Kitchen,2,511,2023-11-10
1739,Grace,Notebook,Stationery,5,425,2023-01-07
1740,Grace,Pan,Kitchen,1,1016,2023-07-21
1741,Eva,Pan,Kitchen,1,1234,2023-01-19
1742,Charlie,Cup,Kitchen,5,837,2023-10-20
1743,Eva,Pan,Kitchen,3,44,2023-10-02
1744,Bob,Pen,Stationery,5,984,2023-09-25
1745,Frank,Notebook,Stationery,5,218,2023-08-06
1746,David,Keyboard,Electronics,5,1130,2023-01-23
1747,Eva,Pan,Kitchen,2,257,2023-12-21
1748,Charlie,Table,Furniture,2,461,2023-09-21
1749,Bob,Notebook,Stationery,5,1329,2023-09-24
1750,Alice,Notebook,Stationery,5,15,2023-02-01
1751,Helen,Keyboard,Electronics,3,207,2023-02-24
1752,Eva,Keyboard,Electronics,3,1477,2023-09-09
1753,Grace,Pan,Kitchen,3,1119,2023-07-26
1754,David,Notebook,Stationery,3,1815,2023-03-18
1755,Charlie,Pan,Kitchen,4,814,2023-11-15
1756,Helen,Chair,Furniture,1,177,2023-06-29
1757,Charlie,Cup,Kitchen,3,624,2023-04-25
1758,Alice,Mouse,Electronics,5,569,2023-01-02
1759,Frank,Notebook,Stationery,3,1104,2023-08-23
1760,Grace,Table,Furniture,2,1605,2023-02-16
1761,David,Pen,Stationery,4,1777,2023-07-30
1762,Grace,Table,Furniture,4,626,2023-03-29
1763,Bob,Chair,Furniture,2,818,2023-05-24
1764,Bob,Table,Furniture,2,1631,2023-07-20
1765,Charlie,Mouse,Electronics,3,1053,2023-02-28
1766,Bob,Cup,Kitchen,3,1160,2023-03-30
1767,Charlie,Notebook,Stationery,3,147,2023-07-16
1768,David,Cup,Kitchen,1,1783,2023-01-04
1769,Frank,Chair,Furniture,5,249,2023-02-28
1770,Bob,Table,Furniture,4,320,2023-06-28
1771,Bob,Table,Furniture,1,1820,2023-07-03
1772,Eva,Laptop,Electronics,2,1873,2023-12-18
1773,Helen,Cup,Kitchen,3,1250,2023-01-04
1774,David,Mouse,Electronics,4,507,2023-10-17
1775,Helen,Pan,Kitchen,1,808,2023-07-04
1776,Bob,Laptop,Electronics,3,1359,2023-05-22
1777,Frank,Notebook,Stationery,1,1815,2023-06-20
1778,Frank,Cup,Kitchen,4,1268,2023-05-18
1779,Frank,Mouse,Electronics,3,115,2023-09-23
1780,Charlie,Keyboard,Electronics,1,259,2023-07-06
1781,Grace,Laptop,Electronics,1,734,2023-06-10
1782,Helen,Laptop,Electronics,1,347,2023-05-21
1783,Charlie,Pen,Stationery,5,88,2023-02-01
1784,Eva,Pen,Stationery,2,819,2023-06-01
1785,Grace,Laptop,Electronics,4,749,2023-12-09
1786,David,Pen,Stationery,4,652,2023-09-28
1787,Eva,Pen,Stationery,4,502,2023-11-18
1788,David,Notebook,Stationery,4,1282,2023-02-01
1789,Bob,Pen,Stationery,3,496,2023-09-20
1790,Eva,Laptop,Electronics,2,392,2023-05-28
1791,Grace,Pen,Stationery,2,1167,2023-07-01
1792,Helen,Mouse,Electronics,3,931,2023-12-14
1793,Eva,Cup,Kitchen,5,166,2023-06-14
1794,Alice,Laptop,Electronics,1,545,2023-04-21
1795,Alice,Table,Furniture,1,815,2023-04-18
1796,Alice,Cup,Kitchen,5,1377,2023-08-14
1797,David,Keyboard,Electronics,5,312,2023-09-06
1798,David,Pan,Kitchen,5,1971,2023-11-09
1799,Bob,Cup,Kitchen,2,1119,2023-02-07
1800,Alice,Notebook,Stationery,4,67,2023-12-24
1801,Frank,Mouse,Electronics,5,1331,2023-12-07
1802,Alice,Table,Furniture,3,180,2023-06-11
1803,David,Cup,Kitchen,1,1933,2023-05-25
1804,Grace,Notebook,Stationery,5,515,2023-07-11
1805,Frank,Keyboard,Electronics,4,301,2023-03-16
1806,Frank,Keyboard,Electronics,5,1386,2023-11-29
1807,Eva,Keyboard,Electronics,1,895,2023-09-25
1808,Frank,Laptop,Electronics,2,772,2023-07-20
1809,David,Mouse,Electronics,5,44,2023-10-11
1810,Helen,Pen,Stationery,5,449,2023-12-16
1811,Alice,Table,Furniture,3,1774,2023-04-10
1812,Grace,Laptop,Electronics,4,1513,2023-02-16
1813,Helen,Mouse,Electronics,5,1055,2023-09-26
1814,Alice,Keyboard,Electronics,5,1845,2023-08-21
1815,Grace,Cup,Kitchen,2,1958,2023-05-16
1816,Frank,Mouse,Electronics,4,1362,2023-01-03
1817,Alice,Laptop,Electronics,4,1539,2023-11-22
1818,Charlie,Laptop,Electronics,2,504,2023-11-13
1819,Helen,Pan,Kitchen,5,1481,2023-10-28
1820,Frank,Keyboard,Electronics,4,818,2023-10-03
1821,Helen,Pen,Stationery,2,1513,2023-02-20
1822,Eva,Pen,Stationery,5,1748,2023-10-28
1823,Grace,Mouse,Electronics,2,1438,2023-04-12
1824,Eva,Chair,Furniture,1,564,2023-04-11
1825,Charlie,Pan,Kitchen,4,1021,2023-01-10
1826,Eva,Keyboard,Electronics,1,1580,2023-07-22
1827,Frank,Cup,Kitchen,2,1728,2023-04-03
1828,Bob,Pan,Kitchen,4,439,2023-09-27
1829,Bob,Mouse,Electronics,5,1348,2023-09-15
1830,David,Cup,Kitchen,5,1631,2023-10-16
1831,Helen,Keyboard,Electronics,5,1249,2023-04-12
1832,Helen,Laptop,Electronics,1,960,2023-12-12
1833,David,Notebook,Stationery,1,1691,2023-07-08
1834,Grace,Pan,Kitchen,4,193,2023-12-24
1835,Alice,Keyboard,Electronics,1,835,2023-03-26
1836,Frank,Chair,Furniture,5,622,2023-10-27
1837,Alice,Notebook,Stationery,3,1745,2023-05-06
1838,Charlie,Pan,Kitchen,1,254,2023-10-21
1839,Alice,Pan,Kitchen,4,786,2023-10-03
1840,Frank,Mouse,Electronics,4,1676,2023-04-20
1841,Charlie,Cup,Kitchen,1,141,2023-08-14
1842,David,Chair,Furniture,2,1951,2023-02-12
1843,Helen,Table,Furniture,2,1454,2023-08-07
1844,Charlie,Pen,Stationery,1,775,2023-05-27
1845,Frank,Table,Furniture,5,1612,2023-10-18
1846,Grace,Laptop,Electronics,2,1333,2023-05-02
1847,Frank,Laptop,Electronics,3,2000,2023-11-07
1848,Charlie,Keyboard,Electronics,1,335,2023-09-30
1849,Charlie,Pan,Kitchen,5,1006,2023-11-20
1850,Eva,Pen,Stationery,1,415,2023-04-03
1851,Frank,Table,Furniture,5,1624,2023-03-23
1852,Eva,Laptop,Electronics,2,1497,2023-03-17
1853,Frank,Keyboard,Electronics,4,340,2023-12-27
1854,Eva,Keyboard,Electronics,4,1961,2023-01-06
1855,Helen,Mouse,Electronics,2,201,2023-05-02
1856,Alice,Keyboard,Electronics,2,1897,2023-07-18
1857,Alice,Laptop,Electronics,5,115,2023-05-21
1858,Eva,Laptop,Electronics,1,87,2023-08-28
1859,Helen,Pan,Kitchen,1,256,2023-01-09
1860,Alice,Mouse,Electronics,5,378,2023-08-27
1861,Alice,Mouse,Electronics,3,27,2023-05-28
1862,Bob,Pen,Stationery,2,27,2023-10-21
1863,Frank,Table,Furniture,1,484,2023-09-21
1864,Helen,Pan,Kitchen,1,1487,2023-12-20
1865,David,Chair,Furniture,3,563,2023-05-05
1866,Helen,Pen,Stationery,2,897,2023-10-11
1867,Frank,Notebook,Stationery,5,155,2023-02-15
1868,Eva,Pen,Stationery,3,423,2023-07-26
1869,Bob,Pen,Stationery,1,886,2023-09-30
1870,Charlie,Laptop,Electronics,2,787,2023-10-12
1871,Alice,Keyboard,Electronics,5,183,2023-08-15
1872,Alice,Notebook,Stationery,1,1707,2023-04-07
1873,Eva,Chair,Furniture,3,648,2023-08-15
1874,Grace,Table,Furniture,3,323,2023-05-06
1875,Frank,Cup,Kitchen,2,496,2023-09-25
1876,Alice,Keyboard,Electronics,4,370,2023-11-16
1877,Helen,Keyboard,Electronics,2,476,2023-06-17
1878,Alice,Chair,Furniture,3,1470,2023-01-11
1879,David,Chair,Furniture,3,1977,2023-01-10
1880,Grace,Chair,Furniture,5,462,2023-01-01
1881,Frank,Mouse,Electronics,3,1249,2023-06-10
1882,Alice,Chair,Furniture,5,692,2023-09-23
1883,Grace,Table,Furniture,3,838,2023-04-01
1884,Helen,Keyboard,Electronics,1,762,2023-08-26
1885,Frank,Notebook,Stationery,1,1677,2023-05-30
1886,Grace,Keyboard,Electronics,2,1296,2023-07-28
1887,Bob,Notebook,Stationery,5,874,2023-06-25
1888,Bob,Table,Furniture,1,889,2023-07-24
1889,Eva,Cup,Kitchen,4,1801,2023-08-16
1890,Eva,Cup,Kitchen,4,1690,2023-11-28
1891,Helen,Pen,Stationery,5,1689,2023-06-24
1892,Alice,Notebook,Stationery,1,325,2023-10-03
1893,Alice,Chair,Furniture,3,737,2023-08-26
1894,Frank,Table,Furniture,3,927,2023-12-24
1895,Frank,Notebook,Stationery,4,595,2023-05-17
1896,Helen,Keyboard,Electronics,3,74,2023-10-02
1897,Frank,Notebook,Stationery,5,314,2023-01-20
1898,Alice,Laptop,Electronics,2,1613,2023-04-17
1899,Frank,Cup,Kitchen,5,1691,2023-08-26
1900,Grace,Laptop,Electronics,3,161,2023-04-07
1901,Grace,Pen,Stationery,5,923,2023-12-16
1902,Charlie,Keyboard,Electronics,1,327,2023-12-26
1903,Helen,Cup,Kitchen,4,576,2023-02-08
1904,Alice,Mouse,Electronics,3,984,2023-04-01
1905,Helen,Notebook,Stationery,3,897,2023-04-04
1906,David,Chair,Furniture,1,442,2023-04-22
1907,Alice,Cup,Kitchen,2,1843,2023-03-15
1908,Grace,Laptop,Electronics,4,815,2023-01-06
1909,Helen,Pan,Kitchen,5,126,2023-12-11
1910,Charlie,Pen,Stationery,5,1491,2023-12-07
1911,Grace,Chair,Furniture,4,1798,2023-12-09
1912,Helen,Chair,Furniture,2,653,2023-03-14
1913,Alice,Pen,Stationery,2,1242,2023-12-10
1914,Charlie,Table,Furniture,2,1195,2023-08-27
1915,Alice,Chair,Furniture,5,1025,2023-11-24
1916,Bob,Mouse,Electronics,5,1342,2023-02-11
1917,Helen,Table,Furniture,4,291,2023-11-18
1918,Bob,Table,Furniture,5,1957,2023-02-20
1919,Helen,Mouse,Electronics,2,1862,2023-01-26
1920,David,Laptop,Electronics,1,1220,2023-08-12
1921,Charlie,Pen,Stationery,4,1046,2023-12-01
1922,Helen,Laptop,Electronics,3,1930,2023-04-11
1923,Eva,Keyboard,Electronics,4,374,2023-10-16
1924,Alice,Pan,Kitchen,2,848,2023-12-04
1925,David,Keyboard,Electronics,5,1317,2023-04-28
1926,David,Cup,Kitchen,1,33,2023-02-09
1927,Charlie,Table,Furniture,3,208,2023-06-25
1928,Charlie,Chair,Furniture,2,728,2023-11-21
1929,David,Mouse,Electronics,2,1460,2023-02-19
1930,Alice,Keyboard,Electronics,1,674,2023-07-17
1931,Frank,Pan,Kitchen,4,630,2023-01-08
1932,Frank,Keyboard,Electronics,4,226,2023-04-01
1933,Grace,Pan,Kitchen,4,1293,2023-05-27
1934,Bob,Pan,Kitchen,2,1907,2023-06-14
1935,Bob,Keyboard,Electronics,5,457,2023-01-22
1936,Eva,Chair,Furniture,2,1383,2023-01-01
1937,Helen,Pan,Kitchen,2,999,2023-04-29
1938,Helen,Chair,Furniture,1,326,2023-08-20
1939,Charlie,Mouse,Electronics,5,1352,2023-08-31
1940,David,Chair,Furniture,2,1756,2023-08-19
1941,Frank,Mouse,Electronics,5,950,2023-02-23
1942,Charlie,Chair,Furniture,2,1809,2023-07-22
1943,Eva,Keyboard,Electronics,4,304,2023-05-11
1944,Charlie,Chair,Furniture,3,894,2023-05-23
1945,Eva,Pan,Kitchen,1,1294,2023-08-17
1946,Alice,Laptop,Electronics,2,137,2023-06-01
1947,Bob,Mouse,Electronics,5,638,2023-08-03
1948,Eva,Keyboard,Electronics,2,204,2023-12-29
1949,Charlie,Laptop,Electronics,5,181,2023-03-14
1950,Eva,Keyboard,Electronics,5,122,2023-07-29
1951,Helen,Keyboard,Electronics,4,493,2023-06-26
1952,Alice,Pan,Kitchen,5,1131,2023-01-20
1953,Grace,Pan,Kitchen,1,1434,2023-07-13
1954,Frank,Notebook,Stationery,5,1458,2023-11-02
1955,Eva,Table,Furniture,3,1075,2023-10-31
1956,Charlie,Chair,Furniture,5,1813,2023-12-11
1957,Bob,Table,Furniture,2,1200,2023-03-23
1958,Charlie,Mouse,Electronics,4,1798,2023-12-18
1959,Charlie,Keyboard,Electronics,2,1047,2023-04-12
1960,David,Keyboard,Electronics,1,76,2023-08-19
1961,Charlie,Pen,Stationery,3,1796,2023-03-01
1962,Alice,Pen,Stationery,3,1384,2023-09-13
1963,David,Mouse,Electronics,5,1120,2023-05-05
1964,Charlie,Keyboard,Electronics,5,1716,2023-02-20
1965,Charlie,Laptop,Electronics,2,1541,2023-09-28
1966,Frank,Pan,Kitchen,2,399,2023-06-25
1967,Eva,Table,Furniture,4,195,2023-03-17
1968,Alice,Chair,Furniture,2,1210,2023-12-09
1969,Eva,Laptop,Electronics,1,474,2023-11-30
1970,Alice,Table,Furniture,2,1670,2023-02-08
1971,Bob,Pan,Kitchen,3,517,2023-04-05
1972,Charlie,Chair,Furniture,3,41,2023-01-31
1973,Bob,Table,Furniture,1,593,2023-06-27
1974,David,Keyboard,Electronics,5,113,2023-04-25
1975,Frank,Table,Furniture,4,392,2023-03-10
1976,David,Notebook,Stationery,1,1778,2023-09-16
1977,Alice,Table,Furniture,4,1209,2023-03-07
1978,Grace,Pan,Kitchen,2,1815,2023-06-06
1979,David,Chair,Furniture,2,851,2023-02-06
1980,David,Pen,Stationery,5,797,2023-10-30
1981,Alice,Cup,Kitchen,5,1589,2023-07-23
1982,Bob,Table,Furniture,2,816,2023-07-22
1983,Grace,Cup,Kitchen,1,882,2023-02-08
1984,Bob,Table,Furniture,2,730,2023-08-06
1985,Grace,Keyboard,Electronics,1,345,2023-02-26
1986,Alice,Pan,Kitchen,1,1052,2023-05-06
1987,Helen,Mouse,Electronics,5,1527,2023-08-22
1988,Eva,Pen,Stationery,3,379,2023-04-16
1989,Charlie,Cup,Kitchen,4,1266,2023-04-18
1990,Frank,Table,Furniture,2,728,2023-01-13
1991,Frank,Chair,Furniture,2,22,2023-07-22
1992,Bob,Cup,Kitchen,1,431,2023-03-04
1993,Bob,Table,Furniture,3,636,2023-11-10
1994,Grace,Table,Furniture,3,872,2023-08-16
1995,Frank,Keyboard,Electronics,3,1381,2023-09-16
1996,Charlie,Cup,Kitchen,4,18,2023-10-15
1997,Bob,Keyboard,Electronics,4,1562,2023-08-27
1998,Grace,Notebook,Stationery,5,1376,2023-10-29
1999,Helen,Pen,Stationery,4,493,2023-07-29
2000,Eva,Table,Furniture,5,386,2023-09-27
